59.166.0.0,149.171.126.6,udp,CON,dns,Unnamed: 47,Bottleneck Feature 1,Bottleneck Feature 2,Bottleneck Feature 3,Bottleneck Feature 4,Bottleneck Feature 5,Bottleneck Feature 6,Bottleneck Feature 7,Bottleneck Feature 8,Bottleneck Feature 9,Bottleneck Feature 10,Bottleneck Feature 11,Bottleneck Feature 12,Bottleneck Feature 13,Bottleneck Feature 14,Bottleneck Feature 15,Bottleneck Feature 16,Bottleneck Feature 17,Bottleneck Feature 18,Bottleneck Feature 19,Bottleneck Feature 20,Bottleneck Feature 21,Bottleneck Feature 22,Bottleneck Feature 23,Bottleneck Feature 24,Bottleneck Feature 25,Bottleneck Feature 26,Bottleneck Feature 27,Bottleneck Feature 28,Bottleneck Feature 29,Bottleneck Feature 30,Bottleneck Feature 31,Bottleneck Feature 32,53,1390,0.001055,132,164,31,29,0,0.1,500473.9375,621800.9375,2,2.1,0.2,0.3,0.4,0.5,66,82,0.6,0.7,0.8,0.9,1421927414,1421927414.1,0.017,0.013,0.10,0.11,0.12,0.13,0.14,0.15,0.16,0.17,3,7,1,3.1,1.1,1.2,1.3,0.18,Bottleneck Feature 1,Bottleneck Feature 2,Bottleneck Feature 3,Bottleneck Feature 4,Bottleneck Feature 5,Bottleneck Feature 6,Bottleneck Feature 7,Bottleneck Feature 8,Bottleneck Feature 9,Bottleneck Feature 10,Bottleneck Feature 11,Bottleneck Feature 12,Bottleneck Feature 13,Bottleneck Feature 14,Bottleneck Feature 15,Bottleneck Feature 16,Bottleneck Feature 17,Bottleneck Feature 18,Bottleneck Feature 19,Bottleneck Feature 20,Bottleneck Feature 21,Bottleneck Feature 1,Bottleneck Feature 2,Bottleneck Feature 3,Bottleneck Feature 4,Bottleneck Feature 5,Bottleneck Feature 6,Bottleneck Feature 7,Bottleneck Feature 8,Bottleneck Feature 9,Bottleneck Feature 10,Bottleneck Feature 11,Bottleneck Feature 12,Bottleneck Feature 13,Bottleneck Feature 14,Bottleneck Feature 15,Bottleneck Feature 16,Bottleneck Feature 17,Bottleneck Feature 18,Bottleneck Feature 19,Bottleneck Feature 20,Bottleneck Feature 21,Bottleneck Feature 22,Bottleneck Feature 23,Bottleneck Feature 24,Bottleneck Feature 25,Bottleneck Feature 26,Bottleneck Feature 27,Bottleneck Feature 28,Bottleneck Feature 29,Bottleneck Feature 30,Bottleneck Feature 31,Bottleneck Feature 32
175.45.176.3,149.171.126.18,udp,INT,-,Exploits,0.0,0.0,4.896666,0.0,0.0,2.3022304,0.0,0.76453793,0.0,4.663229,0.0,0.0,0.0,0.35558763,0.0,0.8722749,0.08338919,0.75137866,0.0,0.0,0.0,0.0,0.0,6.343618,0.0,0.0,0.0,3.0120685,0.0,0.0,0.0,0.0,5.195835060738736,-0.5531201265301053,-0.8111659155451355,-0.4072060921627603,-0.3201001585286397,0.8819171036881969,-2.6457513110645907,-1.4002800840280099,-0.417292839169229,2.17895864035027,-0.4310003242277661,-1.5323834281407773,-0.5593233725063744,-2.6457513110645907,-2.6457513110645907,-1.2087639159643424,-1.5102338777905298,1.6242304533189122,-0.6660164815546903,-1.147078669352809,-0.23856803547577807,-0.6473922298656833,-0.6868302583818782,-1.4982059827441,-1.5605728672369845,-0.8946270594781809,-0.5469970063404846,-2.0550085919305867,-0.924908263988514,-2.300412409467496,0.0,2.6457513110645907,-1.2089410496539779,0.0,0.0,-0.9918365981341756,-0.7745966692414834,-0.25819888974716115,-0.25819888974716115,-0.25819888974716115,0.0,0.0,0.0,0.0387831089857256,-0.6688290081236862,2.917518458550953,2.524312735931401,0.9746064723010288,-0.7450453319450444,-0.5878252479985788,2.6339269156431824,-0.7465948038394599,-0.5471063441100402,-0.6457237080621792,-0.6858722071295129,-0.8285695932312475,0.6785280844628898,-0.4515111598439443,2.4743443424889398,1.0240355862771247,-0.8066637987999893,2.2303097580335662,2.142838206337197,-0.5002988162639436,0.0,3.8904452,0.0,2.4856834,1.0945065,2.6579595,4.1146364,0.0,3.9899342,0.0,2.2927444,0.0,0.0,0.0,2.372647,0.0,0.0,2.8170142,0.0,4.417893,0.0,0.0,0.0,0.0,0.0,2.4735093,1.3334407,0.0,0.0,3.4680932,0.0,1.078871
175.45.176.2,149.171.126.16,tcp,FIN,http,Exploits,0.3621476,0.0,0.0,0.0,1.4895763,0.0,0.0,0.0,0.0,0.0,2.1230454,0.30110362,1.5026858,0.0,1.1837916,0.0,0.0,0.0,0.0,0.56998885,0.49271694,1.232835,2.4486125,0.0,0.0,0.0,0.0,0.0,0.0,0.0,0.0,0.26904723,-0.3203208097418606,-0.4190794112464809,-0.39906885627852856,-0.2708277160280471,0.4530016075957008,-1.1338934190276817,0.3779644730092272,-0.280056016805602,0.3457569238830755,-0.293398406851229,2.305363722314125,0.12424730498438732,0.3507621149616246,0.3779644730092272,0.3779644730092272,0.025672545455463113,-0.04797407538257745,-0.39484541068770523,2.4716447973205997,0.6882472016116853,0.7664853787383135,-0.36957515207056996,1.217620420756231,-1.3801207821337276,-1.4416720773522618,-0.39392453345350287,-0.4625984881866466,-0.043857787782778844,-0.4755333646645321,0.3398478987485048,0.0,-0.37796447300922725,0.8271701918685112,0.0,0.0,0.45083481733371616,1.2909944487358056,3.872983346207417,-0.25819888974716115,-0.25819888974716115,0.0,0.0,0.0,0.8171244594919072,0.15072870242472472,-0.506872395482242,-0.6723311352643613,-0.8337797513074475,1.260515105813025,0.259533293259473,-0.5627054052059423,-0.7465948038394599,1.2410352757833958,0.513415306357052,-0.6858722071295129,-0.8285695932312475,-0.6949178406870647,0.5828952002716008,-0.5290036614490483,0.3763340695769994,-0.8066637987999893,-0.5246690616612412,-0.6937498432825215,-0.22532922765750182,2.0127723,0.0,0.53779066,0.0,1.9981225,0.0,0.0,0.0,0.0,0.0,0.6912665,0.5158242,0.35406402,0.0,0.0,0.7209603,0.0,0.60151553,1.0684866,0.0,0.5227243,0.0,0.094867915,1.4351779,0.50155675,0.0,0.0,0.0,2.5376136,0.0,2.4516773,0.08134781
175.45.176.0,149.171.126.16,tcp,FIN,http,Reconnaissance,0.0,0.5483142,0.0,0.0,1.3336629,0.0,2.7078388,0.0,2.2881684,0.0,0.0,3.9194431,2.4776206,0.0,1.916216,0.0,0.0,1.8647869,0.0,5.492639,0.0,0.0,0.0,0.0,0.0,1.1361308,0.0,0.0,0.0,3.4848104,0.0,1.9385728,-0.3203208097418606,-1.051784249602596,3.291250544120779,0.04786701557096665,-0.3119915457655948,0.8819171036881969,0.3779644730092272,1.9603921176392138,-0.3409878628639986,-0.2938231343869136,-0.42848576110521425,0.45557345160942025,-0.33180200063937465,0.3779644730092272,0.3779644730092272,1.607413027254158,0.34959757367131544,-0.25414325988585046,-0.5334392444191147,0.6882472016116853,-0.23856803547577807,3.811685947280226,0.8803619609591942,-1.6162911833544724,-1.4416720773522618,3.3194432268902445,3.635397940248404,0.5270785250100702,0.3113545756192354,0.5267637841411519,0.0,-0.37796447300922725,0.8271701918685112,0.0,0.0,1.893506232801608,1.2909944487358056,3.872983346207417,-0.25819888974716115,-0.25819888974716115,0.0,0.0,0.0,-0.5055918977129581,-0.6688290081236862,-0.506872395482242,-0.6723311352643613,-0.8337797513074475,3.0100933804159875,1.249952624651619,-0.5627054052059423,1.80763308993412,-0.6156489229643478,3.592228928406694,-0.6858722071295129,3.178683233893302,-0.6949178406870647,-0.4515111598439443,-0.5290036614490483,-0.8814403000059706,-0.8066637987999893,-0.5246690616612412,-0.6937498432825215,3.7016924999543237,2.2726364,0.0,1.7936872,0.0,0.0,0.58424246,0.0,0.22749761,0.0,5.253312,0.0,4.965702,4.9084973,0.0,0.0,0.0,0.0028378442,0.26037464,1.108607,0.0,3.5903883,5.8443165,0.0,1.101921,1.9548986,0.0,0.0,0.0,0.8838947,0.0,3.5153563,0.0
175.45.176.2,149.171.126.16,tcp,FIN,-,Exploits,0.0,0.0,1.8061755,0.0,0.0,1.8619852,1.0879135,0.18881834,0.0,1.7377535,0.0,2.7666957,0.0,0.21400975,0.0,2.1654994,0.0,0.0,1.0011101,0.0,0.0,0.35842428,1.5267311,0.0,2.5861042,0.0,0.49248034,0.0,0.019298386,0.0,0.0,0.0,0.6032557465542026,-1.0198757756737857,-0.5105361011427488,4.933084004901797,-0.3119915457655948,0.8819171036881969,0.3779644730092272,0.8401680504168059,-0.3409878628639986,-0.2877218373453381,-0.39669022536136417,0.45557345160942025,-0.33180200063937465,0.3779644730092272,0.3779644730092272,0.6014828492601252,1.198099606352058,3.164919004599223,-0.5334392444191147,-1.147078669352809,-0.23856803547577807,-0.46349406918050723,-0.6073404415154005,-1.262035581523355,-1.3227712874675392,-0.6233433865169666,-0.25344588468470386,0.08909891326656537,-0.3229882088891117,0.4095742205464533,0.0,-0.37796447300922725,-1.2089410496539779,0.0,0.0,-0.9918365981341756,-0.7745966692414834,-0.25819888974716115,-0.25819888974716115,-0.25819888974716115,0.0,0.0,0.0,1.8852824175818084,-0.6688290081236862,1.6081685181688727,0.020901333932603586,-0.4717410269397892,-0.7450453319450444,0.08209723163214219,0.394373088057651,3.3969556865241217,-0.6156489229643478,-0.6457237080621792,0.19340911950729103,-0.8285695932312475,-0.6949178406870647,-0.4515111598439443,0.7237360387491234,1.3995320251570014,2.394172997104371,-0.5246690616612412,0.17930534451032934,-0.5002988162639436,0.0,0.0,0.0,0.8363807,0.0,1.8670884,0.0,2.8557625,1.2832375,0.0,1.3412995,0.0,0.0,0.89729875,0.057693742,0.0,0.7926305,0.0,0.64620024,3.0683584,1.3341359,0.40552127,0.0,0.0,0.0,1.8008696,0.0,1.373172,0.0,0.0,1.1639962,0.4149794
175.45.176.2,149.171.126.10,tcp,FIN,http,Exploits,1.7659589,0.0,0.0,0.0,0.0,0.0,0.0,0.0,0.20208257,0.0,1.6178633,1.1171874,0.0,0.0,0.0,0.9451904,0.0,0.31198314,0.15711579,2.770628,0.37500337,0.0,0.38835227,0.28559873,0.9736439,0.0,0.2943492,0.0,0.80532676,0.13191065,0.0,0.61006755,-0.3203208097418606,-0.19408698287443635,-0.48408903893459115,-0.3239435046278828,-0.3119915457655948,0.8819171036881969,0.3779644730092272,-0.280056016805602,-0.3409878628639986,-0.2933297699830773,-0.39946419596667776,-0.20707884164064552,-0.33180200063937465,0.3779644730092272,0.3779644730092272,0.9636475607943892,-0.41476834186808686,-0.34559965790705605,-0.5334392444191147,0.6882472016116853,-0.23856803547577807,-0.41083875746337134,-0.5877585596247523,-1.1439503809129827,-1.2038704975828167,-0.4686985712452633,-0.22206331465356544,-0.07511413830863126,-0.4875111882678368,0.3030756346832007,0.0,-0.37796447300922725,0.8271701918685112,0.0,0.0,0.45083481733371616,-0.7745966692414834,-0.25819888974716115,-0.25819888974716115,-0.25819888974716115,0.0,0.0,0.0,0.18765939057675177,-0.6688290081236862,-0.506872395482242,-0.11857310936452062,0.3139497760017452,2.011534312394943,0.0651523458287816,-0.04934319614543472,1.9723117167281223,0.03826236502881597,-0.3149316951193362,-0.6858722071295129,-0.8285695932312475,1.599081724805269,-0.4515111598439443,-0.5290036614490483,-0.8814403000059706,-0.8066637987999893,-0.5246690616612412,-0.1931225404162158,-0.5002988162639436,0.0,0.04947499,0.6795997,0.96686405,0.5638614,0.0,0.0,0.0,0.0,0.52610505,1.4494927,0.0,0.32520825,0.0,0.0,0.0,1.5911479,0.0,2.1404433,1.6803827,0.0,0.23637031,0.980747,0.0,0.0,0.31777158,0.0,0.6937976,0.85757333,1.257442,1.6193424,1.1234423
175.45.176.0,149.171.126.15,tcp,FIN,http,DoS,1.7286583,0.0,0.0,0.26319298,0.13751177,0.0,0.3687517,0.0,1.2923652,0.0,1.4038194,0.5222172,0.0,0.0130993,0.0,0.5828806,0.0,0.51629144,0.8095703,1.5876985,0.0,0.0,0.99847305,0.6675895,2.0404382,0.0,0.75176734,0.0,1.2549686,0.8711418,0.0,0.91817755,-0.3203208097418606,0.5948940033849861,-0.5066591437431234,-0.05836456162870453,-0.3119915457655948,0.8819171036881969,0.3779644730092272,-0.280056016805602,-0.3409878628639986,-0.2930198865964825,-0.39712700943159335,-0.20707884164064552,-0.33180200063937465,0.3779644730092272,0.3779644730092272,-0.9442135267288084,0.20698659918801404,-0.08530067892362453,-0.5334392444191147,0.6882472016116853,-0.23856803547577807,-0.40523619771019065,-0.5836466703358028,-1.0258651803026104,-1.084969707698094,-0.45423778971030704,-0.24653019699727802,-0.024127216513334642,-0.437810104120791,0.3373220084053608,0.0,-0.37796447300922725,0.8271701918685112,0.0,0.0,1.893506232801608,1.2909944487358056,-0.25819888974716115,-0.25819888974716115,-0.25819888974716115,0.0,0.0,0.0,-0.5055918977129581,-0.6688290081236862,-0.506872395482242,0.11064012755580484,2.5802653679557848,-0.1785675757983437,-0.29298630619937044,-0.5627054052059423,-0.044625280700130755,-0.5022263259597592,0.2198759944617674,-0.6858722071295129,-0.4533723782775461,0.828008465750418,-0.4515111598439443,-0.5290036614490483,-0.8814403000059706,-0.8066637987999893,-0.4657297927635088,-0.17772967251366778,-0.5002988162639436,0.0,0.0,0.537573,0.13956204,0.0,0.24459912,0.18528703,0.0,0.0,0.8417161,0.0,0.0,0.019132962,0.0,0.0,0.46510914,0.027923793,0.0,2.6351724,0.753314,0.0,0.0,0.29419157,0.43927032,0.33154926,0.0,0.0,0.0,1.6522251,0.21974978,1.6950042,1.5883288
175.45.176.0,149.171.126.14,tcp,FIN,-,Generic,0.6788863,0.0,1.1571472,0.0,0.0,1.0150193,0.009147555,0.0,0.0,0.32987976,0.30479664,0.0,0.0,0.31049797,0.0,0.98554575,0.0,0.3791466,0.77488726,0.0578178,0.0,0.21139866,0.02890814,0.7459656,1.1734446,0.0,0.5960375,0.0,0.7373271,0.3558025,0.0,0.0,0.17225335361603972,-0.04522264584435663,-0.476692099407196,-0.3239435046278828,-0.3119915457655948,0.8819171036881969,0.3779644730092272,-0.280056016805602,-0.3409878628639986,-0.2933423491834996,-0.4001615489363732,-0.20707884164064552,-0.33180200063937465,0.3779644730092272,0.3779644730092272,-1.0226026201794771,-0.24540174245216864,-0.34559965790705605,-0.5334392444191147,-1.147078669352809,-0.23856803547577807,-0.39306943653258003,-0.585188018068056,-0.907779979692238,-0.9660689178133713,-0.43750165090016246,-0.21363961357342962,-0.09648566798068266,-0.5195897273433538,0.2983175621763484,0.0,-0.37796447300922725,-1.2089410496539779,0.0,0.0,-0.9918365981341756,-0.7745966692414834,-0.25819888974716115,-0.25819888974716115,-0.25819888974716115,0.0,0.0,0.0,0.05948455029677996,-0.6688290081236862,0.1690297953239725,-0.5154837858039177,1.2785225969160823,-0.554250002159501,-0.5878252479985788,0.2350910152240193,0.4191557459643189,-0.6156489229643478,-0.6457237080621792,-0.6858722071295129,-0.8285695932312475,0.3111504160165053,-0.4515111598439443,-0.5290036614490483,-0.27460286559577907,0.3857650291201943,-0.32040547307094935,0.45350173835191615,-0.5002988162639436,0.0,0.25763977,0.0,0.0,0.32365504,0.22649865,0.6168955,0.0,0.13531736,0.0,1.5324451,0.0,0.0,0.26672643,0.37240565,0.0,0.0,0.0,1.1281163,1.9828212,0.0,0.0,0.15133375,0.13343862,0.0,1.6431876,0.0,1.2234432,0.0,1.6189729,0.07840749,0.75745624
175.45.176.0,149.171.126.18,tcp,FIN,http,Exploits,1.9378281,0.0,0.0,0.0,0.88096505,0.0,0.028412897,0.0,1.3980362,0.0,1.6663462,0.6373087,0.0,0.3850834,0.0,0.3944579,0.028533101,0.0,0.91042805,1.1646659,0.0,0.0,0.7678581,0.0,2.4108038,0.0,0.78555197,0.0,1.5814956,1.2205142,0.9247184,0.9897924,-0.3203208097418606,1.9509413334028722,-0.31094745094821924,-0.3526547417088751,-0.291417453680257,-1.1338934190276817,0.3779644730092272,-0.280056016805602,-0.2646828865587681,-0.2935442773632232,-0.3545912167567576,-0.20707884164064552,-0.25596154335037474,0.3779644730092272,0.3779644730092272,-0.7168855473052683,1.5352403623552455,-0.37374008806742703,-0.3154233433517237,0.6882472016116853,-0.23255075243707735,-0.26861964762499596,-0.5907362708022683,-0.7896947790818655,-0.8471681279286487,-0.15157413197206845,-0.19793286921588724,0.40513968752108903,0.0027535226674263277,0.6067698922193372,0.0,-0.37796447300922725,0.8271701918685112,0.0,0.0,1.893506232801608,1.2909944487358056,-0.25819888974716115,-0.25819888974716115,-0.25819888974716115,0.0,0.0,0.0,-0.5055918977129581,-0.3605228293224464,-0.506872395482242,-0.37043756281521173,1.7588287036900878,-0.05367894584298298,-0.34347810947026464,-0.5627054052059423,-0.7465948038394599,-0.6156489229643478,0.03362880925190848,-0.6858722071295129,-0.8285695932312475,0.26726890840377115,-0.4515111598439443,-0.5290036614490483,-0.8814403000059706,-0.10616478859543708,-0.5246690616612412,-0.5862379482983698,-0.3028743208309008,0.32801777,0.0,0.5516993,0.35361558,0.0,0.0,0.021463443,0.2572255,0.0,1.3835177,0.0,0.0,0.0,0.0,0.0,1.1691351,0.0,0.0,1.5247947,0.0,0.0,0.0,0.29769334,1.053524,0.21691515,0.0,0.45240024,0.0,1.1862115,0.0,1.9664196,1.5458242
175.45.176.0,149.171.126.15,tcp,FIN,http,DoS,0.0,0.0,0.0,3.1159637,5.233385,0.0,5.8910394,1.6687404,3.276246,0.0,0.0,2.7192283,0.8996609,0.0,2.328025,0.0,0.0,0.0,0.0,2.8193803,0.5926502,0.0,0.0,0.0,0.0,5.067038,0.0,0.0,0.0,5.691959,0.0,1.9122539,-0.3203208097418606,-0.38434439927279557,3.6388208905449253,0.5646692830288271,-0.3119915457655948,0.8819171036881969,0.3779644730092272,1.9603921176392138,-0.3409878628639986,-0.2937922220932132,-0.4286821620722267,0.45557345160942025,-0.33180200063937465,0.3779644730092272,0.3779644730092272,0.6841472631228936,0.666891155686903,0.11168233219897228,-0.5334392444191147,0.6882472016116853,-0.23856803547577807,3.4610826428979826,0.9894672569009191,-1.0258651803026104,-0.7282673380439261,3.6620528338950007,3.9431613738083433,1.674655434566737,2.317984219506194,0.5398044273080808,0.0,-0.37796447300922725,0.8271701918685112,0.0,0.0,1.893506232801608,1.2909944487358056,-0.25819888974716115,3.872983346207417,3.872983346207417,0.0,0.0,0.0,2.4633271378829447,-0.6688290081236862,-0.506872395482242,-0.6723311352643613,-0.32201840195222287,-0.7450453319450444,2.6167845117785498,-0.5627054052059423,-0.3293576398178213,-0.6156489229643478,2.6273340430538887,-0.6858722071295129,0.22671665687874412,-0.6949178406870647,0.8145100967389557,0.7310160169978667,-0.8814403000059706,1.8115643866631783,0.4870085527875443,-0.6937498432825215,3.65188837719434,0.14756942,0.0,0.0,0.0,1.091626,0.8518678,0.0,3.5064409,0.0,3.559824,0.0,4.627772,4.9450793,0.0,0.0,0.0,0.38404086,1.1090647,0.0,0.0,4.3989286,5.9399376,0.0,0.0,3.6049721,0.0,0.0,0.0,0.0,0.0,4.7926908,0.0
175.45.176.3,149.171.126.12,tcp,FIN,http,Exploits,0.17228481,0.0,0.0,0.0,0.008915339,0.0,0.0,0.43368882,0.755281,0.0,1.8144641,0.0,0.0,0.0,1.2938933,1.3539057,0.25153828,0.0,0.0,1.6044819,1.5118605,1.4619036,1.1285672,0.0,1.4237142,0.0,1.1714094,0.0,0.08559756,0.0,0.21550505,0.16290559,-0.3203208097418606,0.9254105187656947,-0.4114256926119961,-0.3354279994602797,-0.19895506336732707,-1.1338934190276817,0.3779644730092272,-0.280056016805602,-0.18837791025353773,-0.2934417409472492,-0.015830461911854575,-0.20707884164064552,-0.1801210860613747,0.3779644730092272,0.3779644730092272,-0.021732213476800686,0.42853710152702973,-0.35263476544714883,0.5124478485393152,0.6882472016116853,-0.10936359689478804,-0.3534944798663507,2.341120810598317,-0.671609578471493,-0.7282673380439261,-0.30091630024559185,-0.32622639427855904,0.04221438747778667,-0.44779162379021153,0.4455828433452251,0.0,-0.37796447300922725,0.8271701918685112,0.0,0.0,-0.9918365981341756,-0.7745966692414834,-0.25819888974716115,-0.25819888974716115,-0.25819888974716115,0.0,0.0,0.0,1.2575565217667841,1.5158967798808984,-0.2876050041831696,-0.6723311352643613,-0.8337797513074475,0.6152117521328305,-0.5878252479985788,-0.45646391254943813,-0.7465948038394599,0.3962605377777134,-0.6457237080621792,-0.2564401241008076,-0.8285695932312475,-0.3345608913447171,-0.4515111598439443,-0.5290036614490483,-0.8814403000059706,-0.06764403860097362,-0.5246690616612412,-0.6937498432825215,-0.046777679590238826,0.0,0.0,1.8893361,1.1396027,0.2593573,0.0,0.11785753,0.0,0.0,0.0,1.2067447,0.11653362,0.0,0.0,0.0,1.4119645,0.0,0.0,0.0,0.22196178,0.16328461,0.0,0.55141956,0.6428272,0.0,0.0,0.0,0.0,0.4840108,0.07659729,1.4768126,1.1684486
175.45.176.0,149.171.126.18,tcp,FIN,http,Exploits,0.0,0.0,0.0,1.973302,5.9635987,0.0,1.7353443,1.3844957,0.8660923,0.0,0.0,1.5809104,0.0,0.0,1.7359222,0.5117574,0.0,0.0,0.0,2.1545315,3.527914,0.0,0.0,0.0,0.0,3.085884,0.0,0.0,2.1795743,3.3642142,1.5080595,1.4598681,-0.3203208097418606,-1.6249433531466793,-0.06969566758268139,-0.3282501901900317,-0.2902677250048999,-1.1338934190276817,0.3779644730092272,-0.280056016805602,-0.2646828865587681,-0.2936493320607408,-0.37584897177098436,-0.20707884164064552,-0.1801210860613747,0.3779644730092272,0.3779644730092272,1.6616814533549815,1.1657481537207814,-0.34559965790705605,-0.3743465598564239,0.6882472016116853,-0.23447294007444006,0.1442830132878165,-0.5361199083444166,-0.7896947790818655,-0.7282673380439261,0.20700165962690065,-0.17197199535837912,1.6036644484348952,2.4328749528045592,0.3350310846057653,0.0,-0.37796447300922725,0.8271701918685112,0.0,0.0,1.893506232801608,1.2909944487358056,-0.25819888974716115,3.872983346207417,3.872983346207417,0.0,0.0,0.0,3.7978120921107807,-0.6688290081236862,-0.506872395482242,-0.6723311352643613,-0.8337797513074475,-0.7450453319450444,1.2312165218252116,-0.5627054052059423,0.7301353912580063,-0.6156489229643478,1.3972751513203714,3.686052691182318,-0.8285695932312475,4.093714453383041,0.8607175425789086,-0.5290036614490483,-0.8814403000059706,1.7568325715468118,0.05312755324720489,-0.6937498432825215,0.3007955989524884,0.0,0.0,0.0,0.0,2.6356199,0.0,0.0,4.059286,0.0,1.3125056,0.0,2.3914416,2.8730435,0.47661284,0.0,0.0,3.535616,1.1279685,0.0,0.0,2.9113777,3.9970267,0.0,0.0,0.17212263,0.0,0.0,0.0,0.0,0.0,4.325755,0.0
175.45.176.2,149.171.126.13,tcp,FIN,http,Exploits,0.63131523,0.0,0.0,0.00546276,0.5902098,0.0,0.0,0.0,0.6074413,0.0,2.4628398,0.0,0.46017203,0.0,0.75607955,0.6377405,0.66425097,0.0,0.0,1.0041268,0.86074764,1.3289924,1.889216,0.0,1.5546046,0.0,2.2404256,0.0,0.0,0.0,0.64331996,0.2776422,-0.3203208097418606,0.8681260143895627,-0.3910146017072836,-0.300974514963089,-0.03430181464907955,-1.1338934190276817,0.3779644730092272,-0.280056016805602,-0.03576795764307672,-0.2934388786991782,0.5304209521560018,-0.20707884164064552,-0.028440171483374875,0.3779644730092272,0.3779644730092272,-0.9608509478889016,1.197119380207198,-0.31745922774668506,1.322642075478944,0.6882472016116853,0.11244014178176259,-0.33993336367404353,1.8263924637408857,-0.5535243778611206,-0.6093665481592034,-0.27057900676140595,-0.38644139550584544,-0.01166374674115104,-0.4091734683795568,0.3316240697243153,0.0,-0.37796447300922725,0.8271701918685112,0.0,0.0,0.45083481733371616,-0.7745966692414834,-0.25819888974716115,-0.25819888974716115,-0.25819888974716115,0.0,0.0,0.0,-0.36241591612330115,1.613697520601623,-0.506872395482242,-0.6723311352643613,-0.8337797513074475,-0.4693909464605614,-0.5878252479985788,-0.5627054052059423,-0.7465948038394599,0.9036649919032282,-0.6457237080621792,-0.6858722071295129,-0.8285695932312475,0.036711804042764626,-0.4515111598439443,-0.5290036614490483,-0.8814403000059706,-0.17345791088448687,-0.5246690616612412,-0.6937498432825215,-0.33952451699316927,0.46810257,0.0,1.2318983,1.1051364,0.0,0.0,0.31387213,0.0,0.0,0.0,0.46164143,0.0,0.0,0.23646206,0.0,1.9738349,0.0,0.0,0.06468761,0.0,0.2969054,0.0,0.8008637,1.3847513,0.20598891,0.0,0.0,0.0,1.324875,0.0,1.3175515,1.4114408
175.45.176.1,149.171.126.13,tcp,FIN,http,Exploits,1.3821049,0.0,0.0,0.0,0.28039634,0.0,0.027133718,0.0,0.7526769,0.0,1.1766065,1.5200349,0.7729784,0.0,0.2824034,0.51711726,0.0,0.96084315,0.0,1.7475767,1.5331779,0.0,0.0,0.0,0.0,0.0,0.0,0.0,0.7801691,0.0,0.08471969,0.75058174,-0.3203208097418606,-1.5868793074756968,-0.383856217770215,-0.39572159733036344,-0.2805857993176821,-1.1338934190276817,0.3779644730092272,-0.280056016805602,-0.2646828865587681,-0.293514760301047,-0.30782466143650805,-0.20707884164064552,-0.25596154335037474,0.3779644730092272,0.3779644730092272,1.1361614069897872,-1.3761642037454234,-0.41595073330798354,-0.185792267041383,0.6882472016116853,-0.21725682471371305,-0.30183377456130905,-0.5910328112648684,-0.3173539766403758,-0.37156496838975817,-0.2599394140114352,-0.25965180073529415,0.12867726711992578,-0.17085608151380546,0.3392604823896339,0.0,-0.37796447300922725,0.8271701918685112,0.0,0.0,0.45083481733371616,1.2909944487358056,-0.25819888974716115,-0.25819888974716115,-0.25819888974716115,0.0,0.0,0.0,-0.2379540756777834,-0.6688290081236862,-0.506872395482242,-0.2882564434485741,-0.8337797513074475,0.9706673529610452,-0.5878252479985788,-0.4383946269973653,1.3959533339247463,-0.6156489229643478,-0.2466605925080211,0.5836084751940862,0.2959186385518164,1.280014325902618,-0.4515111598439443,-0.5290036614490483,-0.5109490321335894,-0.698370755923784,-0.5246690616612412,-0.6937498432825215,-0.5002988162639436,0.0,0.08984681,0.067766994,0.23983318,0.52676463,0.0,0.0,0.0,0.0,1.6957616,0.5175857,0.5930299,0.1388437,0.0,0.0,0.3930036,1.4678183,0.0,1.9698536,0.0,0.915268,1.0511923,0.20185827,0.0,0.0,0.0,0.0,0.0,0.41212267,0.0,0.73759025,0.03470726
175.45.176.3,149.171.126.11,udp,INT,-,Reconnaissance,0.0,0.0,4.8209124,0.0,0.0,2.1854012,0.0,0.47138625,0.0,5.073701,0.0,0.0,0.0,0.7351769,0.0,1.0868148,2.0727816,1.5492966,0.0,0.0,0.0,0.0,0.0,4.617987,0.0,0.0,1.6398623,3.0749748,0.0,0.0,0.0,0.0,-0.31509142650073224,-0.4817657438861515,-0.8111727804542097,-0.8091634112966516,-0.3201001585286397,0.8819171036881969,-2.6457513110645907,-1.4002800840280099,-0.417292839169229,0.4110335080080028,-0.4310003242277661,-1.5323834281407773,-0.5593233725063744,-2.6457513110645907,-2.6457513110645907,-1.2087639159643424,-1.5102338777905298,-0.34559965790705605,-0.6660164815546903,-1.147078669352809,-0.23856803547577807,-0.6473922298656833,-0.6868302583818782,-0.19926877603000342,-0.25266417850503553,-0.8947188901438059,-0.5469970063404846,-2.0550085919305867,-0.924908263988514,-2.300412409467496,0.0,2.6457513110645907,-1.2089410496539779,0.0,0.0,-0.2705008904002296,-0.7745966692414834,-0.25819888974716115,-0.25819888974716115,-0.25819888974716115,0.0,0.0,0.0,-0.5055918977129581,-0.6688290081236862,2.4076529238659603,2.373532206256251,0.888221390634957,-0.7450453319450444,-0.5878252479985788,1.657320591600421,-0.7465948038394599,0.6647543933547433,-0.6457237080621792,-0.6858722071295129,0.7909472888012785,-0.045185536802377795,-0.4515111598439443,1.921320118293072,1.6015146222248757,-0.8066637987999893,1.7690611861361198,2.5768958979243997,-0.5002988162639436,0.0,3.6299524,0.0,0.6429707,1.4682605,0.39701462,2.5673215,0.0,2.3161654,0.0,2.4137354,0.0,0.0,0.0,2.4978843,0.0,0.9283171,1.7473899,0.0,3.8607433,0.0,0.0,0.0,0.0,0.0,2.4882126,2.4290261,2.3510535,0.0,2.7290926,0.0,0.0
175.45.176.1,149.171.126.13,tcp,FIN,http,Exploits,1.4596525,0.3219344,0.0,0.349226,2.572585,0.0,0.5092498,0.8047927,1.8615648,0.0,0.08381721,1.6653397,0.15533814,0.3724014,0.0,0.0,0.0,0.0,0.0,2.1767344,0.0,0.0,0.0,0.0,0.0,1.4015956,0.0,0.0,1.0320479,1.2313561,1.2007697,1.670354,-0.3203208097418606,1.425644940752005,0.07014424648499534,-0.3727526076655696,-0.28125143170867833,-1.1338934190276817,0.3779644730092272,-0.280056016805602,-0.2646828865587681,-0.2937044449573355,-0.3705958165708558,-0.20707884164064552,-0.1801210860613747,0.3779644730092272,0.3779644730092272,0.09585825791097902,0.049350257897948856,-0.38781030314761256,-0.2889078959246085,0.6882472016116853,-0.22218765387042616,0.223480438950357,-0.5188556854346036,-0.3173539766403758,-0.25266417850503553,0.41484762976408796,-0.09516620999254313,2.501893821671575,2.635465383060453,1.5126246592337973,0.0,-0.37796447300922725,0.8271701918685112,0.0,0.0,0.45083481733371616,1.2909944487358056,-0.25819888974716115,-0.25819888974716115,-0.25819888974716115,0.0,0.0,0.0,-0.5055918977129581,-0.6688290081236862,-0.506872395482242,0.516182566655679,-0.5714834498652449,1.1470216405893416,1.075614203267707,-0.5627054052059423,-0.7465948038394599,-0.6156489229643478,0.46444643610427977,-0.6858722071295129,1.1907759207197008,1.3477529948615758,-0.4515111598439443,-0.5290036614490483,-0.8814403000059706,0.9985574531631021,-0.5246690616612412,-0.40447978422507025,0.575355044235055,0.0,0.0,0.81333226,0.0,0.0,0.0,0.0,1.7006139,0.0,3.0860755,0.48845616,1.7121801,0.0,0.0,0.0,0.75850654,0.69782734,0.3382961,1.8556975,0.0,2.372719,1.0955313,0.6492447,0.0,0.030628376,0.0,0.8448238,0.0,0.84612,0.0,2.6846187,1.1498085
175.45.176.0,149.171.126.10,tcp,FIN,-,Exploits,0.75426733,0.0,0.6113305,0.0,0.0,0.54791385,0.0,0.0,0.0,0.07738651,0.29335207,0.49313775,0.0,0.0,0.0,0.63564694,0.0,0.28818297,0.8001326,0.24176402,0.0,0.11434036,0.0,0.0,0.09247151,0.0,1.2567031,0.4286823,0.67657256,1.0275296,0.13216822,0.0,0.7898266454151058,-1.2838116171085514,-0.44266789380844657,-0.2263252985525092,-0.3119915457655948,0.8819171036881969,0.3779644730092272,-0.280056016805602,-0.3409878628639986,-0.2933126530935375,-0.403008677208531,-0.20707884164064552,-0.33180200063937465,0.3779644730092272,0.3779644730092272,-0.20937376893868037,0.8159594143253897,-0.24710815234575761,-0.5334392444191147,-1.147078669352809,-0.23856803547577807,-0.4114292337405458,-0.5947500837819606,-0.08118357541963103,-0.13376338862031292,-0.43422125290504204,-0.18781468139105972,0.15661263040240608,-0.16280202771158347,0.3743879806501001,0.0,-0.37796447300922725,-1.2089410496539779,0.0,0.0,0.45083481733371616,-0.7745966692414834,-0.25819888974716115,-0.25819888974716115,-0.25819888974716115,0.0,0.0,0.0,-0.5055918977129581,-0.6688290081236862,-0.040609458197383215,-0.6723311352643613,-0.8337797513074475,-0.7450453319450444,-0.5878252479985788,0.07378005190297014,0.7312742174619384,-0.4209963599154556,-0.6457237080621792,0.1421006577144538,-0.007520708898148517,0.36204065333381263,-0.3775595882163284,-0.5290036614490483,0.16770066203029924,-0.39026030978926846,-0.5246690616612412,0.9920484081993758,-0.5002988162639436,0.0,0.5152695,0.2689702,0.17445166,0.6145205,0.0,0.0,0.0,0.0,0.0,0.94118035,0.09507577,0.0,0.97284925,1.117897,0.0,0.0,0.0,1.0635828,0.25974807,0.0,0.23451446,0.14991549,0.0,0.0,0.65162784,0.21086252,1.4199778,0.0,0.87697726,0.0,0.24833626
175.45.176.0,149.171.126.17,tcp,FIN,http,Exploits,0.0,3.1976736,0.23442844,0.0,4.0761003,0.0,0.0,5.324733,0.0,0.0,3.0266137,0.0,3.4754019,0.0,0.0,0.0,0.0,0.0,0.0,0.0,0.0,0.6598319,6.581627,0.9847007,0.0,3.168731,0.0,2.1625776,0.0,0.0,0.0,0.0,-0.3203208097418606,0.43271353156571785,0.7536523509071438,0.15122746906253873,3.9687206167488887,-1.1338934190276817,0.3779644730092272,-0.280056016805602,3.779480857618446,-0.2936719148491071,3.7040918050585185,2.4435303313596175,3.7635826929666205,0.3779644730092272,0.3779644730092272,1.8874292792298168,0.43008595757190127,-0.5285124539494674,2.996061424212432,0.6882472016116853,5.471499274749034,-0.18725630402858176,0.9045304921030546,-0.08118357541963103,-0.014862598735590302,-0.057798102568867346,-0.476580982377273,-1.3279858786992629,-0.3112168994858642,-1.7310297328141555,0.0,-0.37796447300922725,0.8271701918685112,0.0,0.0,-0.9918365981341756,-0.7745966692414834,-0.25819888974716115,-0.25819888974716115,-0.25819888974716115,0.0,0.0,0.0,-0.5055918977129581,-0.6688290081236862,-0.506872395482242,-0.6723311352643613,-0.8337797513074475,-0.2219936114227378,2.5394898499748124,-0.5627054052059423,-0.7465948038394599,4.079057363668611,1.1451517096319666,-0.6858722071295129,-0.8285695932312475,-0.6949178406870647,3.072795343281815,-0.5290036614490483,-0.8814403000059706,-0.8066637987999893,-0.5246690616612412,-0.6937498432825215,-0.5002988162639436,3.962479,0.0,0.0,0.0,0.0,0.0,0.0,0.0,0.0,0.0,0.0,0.0,0.0,0.0,0.0,0.4907451,0.0,0.0,0.0,0.0,1.0303308,0.0,0.8216178,3.3224447,3.5392935,0.0,0.0,0.0,4.591381,0.0,0.0,0.0
175.45.176.0,149.171.126.16,tcp,FIN,-,Reconnaissance,0.0,0.0,0.46699676,1.9161873,1.0693579,1.4223895,1.7952473,0.5362082,1.0916373,0.6056181,0.0,0.0,0.5241091,1.483305,0.35697642,0.0,0.0,0.02319532,0.0,1.2964222,0.0,0.0,0.0,0.0,0.0,1.4564475,0.0,0.13652307,0.21973425,1.7204398,0.24938886,0.3488235,-0.31509142650073224,-0.13975464045628486,0.382231594132136,-0.5249221641948285,-0.309389528237155,0.8819171036881969,0.3779644730092272,-0.280056016805602,-0.3409878628639986,-0.2937944114812329,-0.41903783679279655,-0.20707884164064552,-0.25596154335037474,0.3779644730092272,0.3779644730092272,-0.4398495362081328,-0.028933164160228043,-0.5425826690296529,-0.5363854052443497,-1.147078669352809,-0.23856803547577807,0.6769807000012737,-0.45230487698020005,0.03690162519074127,0.10403819114913221,0.8612237309043804,0.2615891922805049,0.9109455799056936,2.761232530895152,-0.9866557228532424,0.0,-0.37796447300922725,-1.2089410496539779,0.0,0.0,0.45083481733371616,1.2909944487358056,-0.25819888974716115,-0.25819888974716115,-0.25819888974716115,0.0,0.0,0.0,-0.5055918977129581,-0.6688290081236862,-0.506872395482242,0.3956447618202425,0.07095810422840518,-0.7450453319450444,0.6356464021997492,-0.5627054052059423,-0.7465948038394599,-0.6156489229643478,-0.16917926667542957,-0.6858722071295129,1.6481969957797917,0.5002885850842359,-0.4108464806807199,-0.5290036614490483,-0.8814403000059706,1.3056044892998546,0.5318676327867943,0.6067497796639798,0.2835547482848236,0.0,0.0,0.0,0.0,0.6578819,0.0,0.0,0.94014335,0.05642604,2.0339446,0.4961842,1.0171082,0.0,0.56853676,0.0,0.0,0.40681866,0.40568364,0.7109152,0.0,0.13556823,0.60376763,0.0,0.0,0.123882905,0.10908743,0.40252995,0.2974697,0.0,0.07546774,0.27499694,0.22912727
175.45.176.2,149.171.126.11,tcp,FIN,http,Exploits,2.2392395,1.7808197,0.0,0.0,0.0,0.0,0.0,0.0,0.3542993,0.0,1.0572358,0.4780093,0.0,0.0,0.0,0.0,0.759807,0.0,1.9368508,0.80378795,0.0,0.0,0.52461755,1.8631655,2.951901,0.0,0.0,0.0,0.7568481,0.0,0.82939607,0.58303857,1.0291974460332087,2.0812133312933305,-0.31281813867092473,0.013413531073775955,-0.2846401056992046,0.8819171036881969,0.3779644730092272,0.2800560168056019,-0.2646828865587681,-0.2933066422924287,-0.33619308320553193,0.12424730498438732,-0.25596154335037474,0.3779644730092272,0.3779644730092272,0.8423448180852737,1.4723010134074568,-0.16268686186464473,-0.2329308402451432,2.5235730725761796,-0.23856803547577807,-0.32652414163062643,-0.5899603373207174,0.15498682580111367,0.10403819114913221,-0.3153258402691295,-0.19901630187881922,0.25733621997196526,0.050114112547159625,0.3441360381682605,0.0,-0.37796447300922725,0.8271701918685112,0.0,0.0,-0.2705008904002296,-0.7745966692414834,-0.25819888974716115,-0.25819888974716115,-0.25819888974716115,0.0,0.0,0.0,-0.5055918977129581,0.9483333919511736,-0.506872395482242,0.2610596713140042,1.6825855077939644,2.2305214294300937,-0.5878252479985788,-0.3180577731196222,-0.06927338290488277,-0.6156489229643478,-0.13101882712508958,-0.6858722071295129,-0.8285695932312475,-0.6949178406870647,-0.4515111598439443,-0.5290036614490483,-0.04550672433817398,-0.8066637987999893,-0.5246690616612412,-0.46126552657215086,-0.11609290277969285,0.0,0.0,3.0115004,0.6051059,0.0,0.4296589,1.2454014,0.0,0.0,1.9296137,0.0,0.44036424,0.0,0.0,0.0,1.8009517,0.0,0.0,1.0762063,1.3808371,0.30534256,0.185063,0.46157432,0.9800002,0.88793194,0.0,1.6739688,0.6967847,2.375851,0.78976077,0.8578071,1.7291547
175.45.176.3,149.171.126.12,tcp,FIN,http,Exploits,1.4082528,0.0,0.0,0.0,0.0,0.0,0.0,0.0,0.32545325,0.0,0.5892866,0.15537138,0.2580327,0.0,0.0,0.682981,0.5848447,0.49557716,1.217236,0.37647757,0.0,0.0,0.23659623,0.58951527,1.0362775,0.0,1.5080955,0.30742416,0.28789556,0.0,0.3556346,0.3245336,-0.3203208097418606,-0.3927612014508676,-0.47525218472889325,-0.2507298500713526,-0.3119915457655948,0.8819171036881969,0.3779644730092272,-0.280056016805602,-0.3409878628639986,-0.2932776824450453,-0.4002937234160809,-0.20707884164064552,-0.33180200063937465,0.3779644730092272,0.3779644730092272,-1.1121751179976342,-0.33848187561637655,-0.26821347496603587,-0.5334392444191147,0.6882472016116853,-0.23856803547577807,-0.3872736231965426,-0.5792124841950994,0.2730720264114862,0.22293898103385493,-0.42801248977147444,-0.22010734191409462,0.2032236631240835,-0.20892353239097486,0.4838236483077061,0.0,-0.37796447300922725,0.8271701918685112,0.0,0.0,-0.9918365981341756,-0.7745966692414834,-0.25819888974716115,-0.25819888974716115,-0.25819888974716115,0.0,0.0,0.0,-0.5055918977129581,0.5397547451686492,-0.4472181718183845,-0.0032579512943045484,-0.03274946188873421,0.1475811366327493,-0.5878252479985788,-0.16319738307145767,0.5562129818524072,-0.11076345684806957,-0.6457237080621792,-0.6858722071295129,0.46501627220761726,-0.02587940409652348,-0.4515111598439443,-0.5290036614490483,0.3038426408876541,-0.8066637987999893,-0.5246690616612412,-0.31701664525767165,-0.40012420051131403,0.0,0.38416398,1.5687371,0.0,0.0,0.0,0.57134444,0.0,0.41829953,0.77059865,0.53726614,0.0,0.0,0.14719455,0.84653723,1.309231,0.24348998,0.0,1.8574178,0.66185707,0.0,0.0,0.25192213,0.0,0.0,0.0,0.687807,1.4885813,1.1189929,1.1954776,0.0,0.8104065
175.45.176.2,149.171.126.18,tcp,FIN,http,Exploits,1.644104,0.057592638,0.0,0.0,0.0,0.0,0.0,0.0,0.64752233,0.0,0.88284105,0.0,0.0,0.09652409,0.0,0.55386525,0.8525823,0.0,1.5356221,0.36397892,0.0,0.0,0.49079663,0.68486017,2.0181541,0.0,1.7407448,0.20991203,0.8572673,0.3311865,0.44266626,0.23124538,-0.3203208097418606,0.9647308035677327,-0.49320907063959757,-0.10860922652044092,-0.3119915457655948,0.8819171036881969,0.3779644730092272,-0.280056016805602,-0.3409878628639986,-0.293105562891804,-0.3985597387452367,-0.20707884164064552,-0.33180200063937465,0.3779644730092272,0.3779644730092272,-1.063634011356382,0.44995367793450125,-0.13454643170427372,-0.5334392444191147,0.6882472016116853,-0.23856803547577807,-0.4077140541616025,-0.5899290242614481,0.3911572270218586,0.34183977091857753,-0.46105366833198747,-0.24292506610281464,0.29324195263853786,-0.039031183810768574,0.4741900200222269,0.0,-0.37796447300922725,0.8271701918685112,0.0,0.0,-0.2705008904002296,-0.7745966692414834,-0.25819888974716115,-0.25819888974716115,-0.25819888974716115,0.0,0.0,0.0,-0.5055918977129581,0.7949274842431151,-0.506872395482242,-0.009776117110652023,0.5641964141118573,-0.06931910833691038,-0.5878252479985788,-0.41799935427317997,-0.18332756916559967,-0.3875163001575466,-0.6457237080621792,-0.6858722071295129,-0.09111548435471031,-0.3232734199908845,-0.4515111598439443,-0.5290036614490483,-0.20833569745013522,-0.782562657118914,-0.5246690616612412,-0.03191847417830754,-0.3314604354244852,0.0,0.0,2.053203,0.0,0.0,0.0,0.91465837,0.0,0.28678194,1.0118814,0.24481174,0.0,0.0,0.24664783,0.60524976,1.5708967,0.0,0.0,1.5982492,0.7176569,0.0,0.0,0.28967357,0.0,0.0,0.0,1.1982266,0.85201776,1.3761872,1.0254261,0.2565529,1.1422971
175.45.176.0,149.171.126.14,tcp,FIN,-,Exploits,0.04462498,3.6281843,0.0,0.596341,2.9521856,0.0,0.0,3.2650175,0.0,0.0,2.0450804,0.88168937,3.7359843,1.0097682,0.0,0.0,0.0,0.0,0.0,0.0,0.0,0.31643432,4.2048755,0.0,0.0,4.771877,0.0,0.0,0.0,0.0,2.1727388,1.1309408,-0.30969335347763194,-0.0016311479967299279,0.9750748444120029,0.22444112361906898,3.6957205683871193,-1.1338934190276817,0.3779644730092272,1.9603921176392138,3.855785833923677,-0.2936850776134477,2.9614414875025425,3.4375087712347163,3.8394231502556204,0.3779644730092272,0.3779644730092272,0.482845575509755,-1.2863223088081182,-0.5847933142702093,2.7043915025141656,-1.147078669352809,-0.23856803547577807,-0.2674571827160314,0.7444235832438824,0.509242427632231,0.5796413506880228,-0.12431217860666234,-0.46773669548003105,0.1816567812612453,-0.4965289750036581,0.6968208200342109,0.0,-0.37796447300922725,-1.2089410496539779,0.0,0.0,0.45083481733371616,-0.7745966692414834,-0.25819888974716115,-0.25819888974716115,-0.25819888974716115,0.0,0.0,0.0,-0.5055918977129581,-0.6688290081236862,-0.506872395482242,-0.6723311352643613,-0.8337797513074475,1.00319600405673,2.624238235407636,-0.5627054052059423,-0.7465948038394599,1.7797547320533993,1.147353693061762,0.17573225794029568,-0.8285695932312475,-0.6949178406870647,3.9911559001153982,-0.5290036614490483,-0.8814403000059706,0.7991493493726263,-0.5246690616612412,-0.6937498432825215,-0.5002988162639436,4.467829,0.0,0.0,0.0,0.0,0.0,0.0,0.72854066,0.0,0.0,0.0,0.0,0.008663451,0.0,0.0,0.0,0.0,0.0,0.0,0.0,1.7116075,0.033248786,0.90650773,1.4772162,0.0,0.0,0.0,0.0,2.3997915,0.0,0.0,0.0
175.45.176.1,149.171.126.16,tcp,FIN,-,Reconnaissance,0.0,0.32267103,0.33476824,0.856208,0.08518092,1.2547444,0.9514619,0.0,1.0928477,1.4272037,0.0,0.0,0.0,0.6005314,0.3291438,0.0,0.0,0.64377105,1.0310007,0.4480508,0.59754044,0.35945097,0.0,1.2700922,0.0,0.67903405,0.0,0.0,0.9643515,0.035609365,0.0,0.0,-0.31509142650073224,1.0720136253598747,0.26180392669888314,-0.5249221641948285,-0.309389528237155,0.8819171036881969,0.3779644730092272,-0.280056016805602,-0.3409878628639986,-0.2937827143055603,-0.4176952393946572,-0.20707884164064552,-0.25596154335037474,0.3779644730092272,0.3779644730092272,1.7293740600275815,-1.1496054071473298,-0.5425826690296529,-0.5363854052443497,-1.147078669352809,-0.23856803547577807,0.6416213888458279,-0.457768275251238,0.6273276282426035,0.6985421405727454,0.6890514490191761,0.22830962077046327,0.08757516617842988,-0.25139661953602654,0.3461919954243078,0.0,-0.37796447300922725,-1.2089410496539779,0.0,0.0,-0.9918365981341756,1.2909944487358056,-0.25819888974716115,-0.25819888974716115,-0.25819888974716115,0.0,0.0,0.0,0.5170005929339115,-0.6688290081236862,-0.506872395482242,0.2657091787820301,0.7008620092390877,-0.07844535304697971,-0.5878252479985788,-0.04356673422543033,-0.2307123938206564,-0.6156489229643478,-0.1927420514108165,0.7918284763336564,-0.5644086963363639,-0.6949178406870647,-0.16768210223300598,-0.19489828029589704,-0.8814403000059706,0.6228403138350103,0.5030691386383438,-0.124010415531847,-0.04888129446925196,0.0,0.16222717,0.0,0.0,0.3416515,0.0,0.27683586,0.44483,0.0,1.4641201,0.32521358,0.6572099,0.34357977,0.1699016,0.40225816,0.0,0.0,0.0,0.0,0.5967775,0.0,0.0,0.0,0.0,0.4794996,1.1928221,0.0,1.1156249,0.0,1.5430154,0.0,0.0
175.45.176.3,149.171.126.19,tcp,FIN,-,Reconnaissance,0.4463507,0.0,0.6224763,0.0,0.0,0.31512097,0.26711464,0.0,0.39414644,0.78153914,0.0,0.38596758,0.45612136,0.0,0.0,0.0,0.62057793,0.7435707,1.5463753,0.29420483,0.0,0.31801054,0.0,0.0,0.0,0.0,0.6450668,0.21692243,0.6558032,1.2207042,0.0,0.0,-0.31509142650073224,-1.3207450475615838,0.2690412570903045,-0.5249221641948285,-0.309389528237155,0.8819171036881969,0.3779644730092272,-0.280056016805602,-0.3409878628639986,-0.2937834909163675,-0.4177843796176632,-0.20707884164064552,-0.25596154335037474,0.3779644730092272,0.3779644730092272,0.9713661053224492,1.4700598526400928,-0.5425826690296529,-0.5363854052443497,-1.147078669352809,-0.23856803547577807,0.6433304617791155,-0.45762910887254915,0.7454128288529759,0.8174429304574681,0.6979386142193595,0.23648588419110977,0.029399283762187464,-0.40765903091247235,0.3920692130521074,0.0,-0.37796447300922725,-1.2089410496539779,0.0,0.0,-0.2705008904002296,-0.7745966692414834,-0.25819888974716115,-0.25819888974716115,-0.25819888974716115,0.0,0.0,0.0,-0.5055918977129581,-0.4854317588421536,-0.16400006712951049,-0.6723311352643613,-0.8337797513074475,-0.7450453319450444,-0.5878252479985788,0.09589247653948411,0.4487393815654724,-0.6156489229643478,-0.6457237080621792,0.4161868600643366,0.3405900160198843,-0.6949178406870647,0.12854779993673832,-0.5290036614490483,-0.38107852282291976,-0.5792062802778798,-0.4365871058486502,0.4666801480991319,0.2599654149801926,0.0,0.5618938,0.40447038,0.0,0.63393307,0.0,0.0,0.0,0.0,0.98441464,0.0,0.7493479,0.6053136,1.0906307,1.0844133,0.075805925,0.0,0.0,0.0,0.0,0.008335462,1.58575,0.0,0.37802765,0.0,0.84512335,0.298741,1.5634999,0.0,0.6681737,0.0,0.0
175.45.176.1,149.171.126.16,tcp,FIN,http,DoS,1.5590435,0.5120947,0.0,0.0,0.0,0.0,0.0,0.0,0.2955794,0.0,0.92164356,1.1219908,1.0781295,0.0,0.4335481,0.8480061,1.2665457,0.63239896,1.3684378,0.20100987,0.5195123,0.0,0.0,0.0,0.8713332,0.0,1.9837989,0.541691,0.38407716,0.28259757,1.0068387,0.7588718,-0.3203208097418606,-1.0733915626567512,-0.3507862345327724,-0.2995389531090394,-0.28978362872053903,-1.1338934190276817,0.3779644730092272,-0.280056016805602,-0.2646828865587681,-0.2934779856876097,-0.3432785342094597,-0.20707884164064552,-0.25596154335037474,0.3779644730092272,0.3779644730092272,-0.011348447123271786,0.5480926231126997,-0.31745922774668506,-0.2977463784003136,0.6882472016116853,-0.23204931218385225,-0.29920058115893394,-0.5971173816834954,0.8634980294633483,0.8174429304574681,-0.21078705023568814,-0.22025323118634954,0.09831953667169177,-0.35513558603131457,0.4508695905750611,0.0,-0.37796447300922725,0.8271701918685112,0.0,0.0,0.45083481733371616,-0.7745966692414834,-0.25819888974716115,-0.25819888974716115,-0.25819888974716115,0.0,0.0,0.0,-0.5055918977129581,1.0454478799585587,-0.506872395482242,-0.6723311352643613,-0.8337797513074475,-0.585840738816852,-0.5878252479985788,-0.34877992550796016,0.6998254839431594,-0.17685405562660647,-0.6457237080621792,-0.07464963233876012,0.9181577615069832,0.09473309169935036,-0.4515111598439443,-0.5290036614490483,0.13074431886989202,-0.8066637987999893,-0.5246690616612412,-0.6753501744126723,-0.5002988162639436,0.0,0.0,1.6176438,0.0,0.0,0.0,0.0,0.0,0.13548927,1.7136492,0.0,0.56450415,0.0,0.5687806,0.7528727,1.4736049,0.0,0.0,0.7420602,0.0,0.9257409,0.80069405,0.0,0.3981441,0.0,0.0,0.35714653,0.65444577,0.8266313,0.0,0.0,0.13164288
175.45.176.3,149.171.126.16,tcp,FIN,http,Exploits,0.42238384,0.0,0.0,0.0,0.0,0.0,0.0,0.11943567,1.1037588,0.0,1.095194,0.0,1.0615541,0.0,1.5357099,1.1007676,0.94881964,0.0,0.81192946,0.12659323,1.5401673,1.3696043,0.9061671,0.0,1.0289387,0.0,2.3857791,0.0814109,0.0,0.0,1.227546,0.4672755,-0.3203208097418606,-0.23208821658886594,-0.3688992971249136,-0.3569614272710239,-0.15829097548101237,-1.1338934190276817,0.3779644730092272,-0.280056016805602,-0.18837791025353773,-0.2935006164546956,0.07023837920031474,-0.20707884164064552,-0.1801210860613747,0.3779644730092272,0.3779644730092272,-0.6921106675901745,1.3852939007432257,-0.37374008806742703,0.910179559946042,0.6882472016116853,-0.05186511452498133,-0.3242769541048935,2.489580835715908,0.9815832300737208,0.9363437203421905,-0.23770874802728745,-0.3057569996939592,0.20037152113859938,-0.18014922051636936,0.4549815050871559,0.0,-0.37796447300922725,0.8271701918685112,0.0,0.0,-0.2705008904002296,-0.7745966692414834,-0.25819888974716115,-0.25819888974716115,-0.25819888974716115,0.0,0.0,0.0,-0.5055918977129581,2.7569733436106847,-0.41120894075710296,-0.6723311352643613,-0.8337797513074475,-0.7450453319450444,-0.5878252479985788,-0.5627054052059423,-0.7465948038394599,0.9335296717638145,-0.6457237080621792,0.7820698882558019,-0.17764649151712952,-0.6949178406870647,-0.4515111598439443,-0.5290036614490483,-0.18280454686304864,-0.3077564130942677,-0.5246690616612412,-0.6937498432825215,0.2944146167311703,0.0,0.0,2.3990498,0.6838131,0.0,0.0,0.7291828,0.0,0.0,1.033297,0.0,0.11207138,0.0,0.66119426,0.0,2.3552685,0.0,0.0,0.0,0.0,1.0074502,0.0,0.40354925,1.4258263,0.0,0.0,0.0,0.039988983,1.2387756,0.0,0.12219933,0.51029676
175.45.176.3,149.171.126.11,tcp,FIN,http,Exploits,1.5414582,1.5026034,0.0,0.0,0.0,0.0,0.0,0.0,0.48229948,0.0,0.8793547,0.39128748,1.1126678,0.0,0.7285478,0.84942484,1.0688533,0.44052795,1.393686,0.0,0.8145969,0.114496954,0.0,0.0,0.6649937,0.0,1.5736657,0.08213473,0.30180198,0.0,0.95096064,0.30531898,-0.3203208097418606,0.07035135421275159,-0.36254410754952054,-0.326814628335982,-0.2771366132916108,-1.1338934190276817,0.3779644730092272,-0.280056016805602,-0.2646828865587681,-0.2934860623424353,-0.30341111930522097,-0.20707884164064552,-0.25596154335037474,0.3779644730092272,0.3779644730092272,0.3147246237439714,-0.6147791456152272,-0.34559965790705605,-0.1415998546628578,0.6882472016116853,-0.21424818319436276,-0.3075333168977354,-0.5984569552244123,1.2177536312944657,1.174145300111636,-0.22826293097277445,-0.22692023776464654,-0.04159170236965445,-0.46465695012819797,0.3339737351597979,0.0,-0.37796447300922725,0.8271701918685112,0.0,0.0,-0.2705008904002296,-0.7745966692414834,-0.25819888974716115,-0.25819888974716115,-0.25819888974716115,0.0,0.0,0.0,-0.5055918977129581,1.244843263815383,-0.506872395482242,-0.6723311352643613,-0.8337797513074475,0.17336023343956108,-0.5878252479985788,-0.217076801872455,0.4696102547696317,-0.2713835117860023,-0.6457237080621792,0.43251906006450164,0.42541222287346375,-0.2466266452057742,-0.4515111598439443,-0.5290036614490483,0.13011186018303086,-0.5273254499743462,-0.5246690616612412,-0.6937498432825215,-0.5002988162639436,0.0,0.0,1.5878552,0.0,0.0,0.0,0.3695888,0.0,0.005534174,1.8612566,0.11787541,0.38878644,0.0,0.29964447,0.9678752,1.4640762,0.0,0.0,0.42754593,0.0,0.54611635,0.13564992,0.009873461,0.10237484,0.0,0.0,0.5874822,0.8946566,0.5776724,0.1848184,0.0,0.0
175.45.176.1,149.171.126.19,tcp,FIN,smtp,Exploits,0.0,0.5145642,0.0,0.7917762,0.0,2.6486073,2.0318346,0.652069,1.1012504,0.20407285,0.0,0.7824734,0.42009977,2.73633,1.2437512,0.0,0.1384553,0.06992115,2.1920938,0.0,0.0,1.3081483,0.0,0.10580787,0.40784866,1.5653161,0.0,0.0,0.24229023,0.0,1.8306973,0.0,-0.3295987477503142,-0.3605386677392934,0.5395186746117616,1.526495725242067,-0.2646106219337727,-1.1338934190276817,0.3779644730092272,2.520504151250418,0.19314697127261457,-0.2933093238060856,-0.3715724946150661,1.4495518914845191,0.19908120038362476,0.3779644730092272,0.3779644730092272,-0.7828352082482017,-0.7291833278908597,0.26645469808101263,-0.394969685633069,-1.147078669352809,-0.23856803547577807,-0.18477658506990555,-0.6109842441695765,1.335838831904838,1.4119468798810813,0.05585655693749646,-0.18613993992114164,0.12183994044239557,-0.3202346862216855,0.4564500459843328,0.0,-0.37796447300922725,-1.2089410496539779,0.0,0.0,-0.9918365981341756,1.2909944487358056,-0.25819888974716115,-0.25819888974716115,-0.25819888974716115,0.0,0.0,0.0,-0.5055918977129581,-0.08953801462154852,-0.19886881471411605,-0.6723311352643613,1.2416105523965855,-0.7450453319450444,-0.57458109218305,-0.5627054052059423,-0.5715889599250532,-0.6156489229643478,-0.14153112172745336,1.1962834560226367,0.00238880087561767,-0.6949178406870647,-0.29603530428436325,0.5300868748436611,1.1404411134479375,2.188585628972387,-0.25035815278193396,-0.6937498432825215,-0.14371812173878806,0.0,0.0,0.0,0.0,0.0,0.39320076,0.0,1.4233704,0.57942384,1.3066505,0.0,0.0,0.0,0.0,0.7277747,0.80893224,0.0,0.0,0.0,0.0,0.79981,0.0,0.0,1.0544697,0.0,0.7380075,0.0,0.57656837,0.0,0.0,0.09766377,0.0
175.45.176.0,149.171.126.19,tcp,FIN,smtp,Exploits,0.08098568,0.67809224,0.0,0.6889056,0.0,1.7972801,1.3701011,0.31145138,0.89893585,0.7677208,0.0,0.0,0.0,2.0760248,0.0,0.0,0.0,0.0,2.3334265,0.0,0.0,0.5675763,0.0,1.3534552,0.19638611,0.62765443,0.0,0.0,1.1313772,0.11785106,0.82583284,0.0,-0.3295987477503142,0.8565686143838519,0.30206146973695963,1.0297913237409013,-0.2834298649883023,0.8819171036881969,0.3779644730092272,1.9603921176392138,0.040537018662153576,-0.2933314213216131,-0.38396538767664007,1.1182257448594861,0.047400285805624935,0.3779644730092272,0.3779644730092272,0.9343724094089566,0.21446842080825154,0.13278765481925048,-0.4421082588368292,-1.147078669352809,-0.23856803547577807,-0.21782935531404995,-0.6079914705718092,1.4539240325152103,1.5308476697658038,-0.05452367356701265,-0.17266282423049223,0.2450681023905681,-0.10291290969506008,0.4562738210766714,0.0,-0.37796447300922725,-1.2089410496539779,0.0,0.0,-0.9918365981341756,1.2909944487358056,-0.25819888974716115,-0.25819888974716115,-0.25819888974716115,0.0,0.0,0.0,-0.5055918977129581,-0.483957342767802,-0.506872395482242,-0.004292040225548749,1.6267897812179284,-0.672626750695862,-0.5878252479985788,-0.2690187039077179,-0.7465948038394599,-0.6156489229643478,0.3869328119113235,0.824798162497715,-0.8285695932312475,-0.6949178406870647,0.5102571723109338,-0.17895284632321304,1.3290772400461837,1.183120486719343,0.14088137737636255,-0.16044345015689518,0.28362644766130707,0.0,0.0,0.0,0.0,0.0,0.51113904,0.0,0.9023991,0.0,0.9875175,0.0,0.0,0.0,0.03971561,0.666067,1.1611015,0.0,0.0,0.0,0.21728165,0.0,0.0,0.0,0.66082186,0.0,0.9513858,0.37913254,1.1022763,0.7671075,0.0,0.0,0.0
175.45.176.3,149.171.126.10,udp,INT,-,Generic,0.0,0.61590195,6.752838,0.47841632,0.0,4.2590175,0.0,0.22044076,0.0,5.368041,0.0,0.0,0.0,0.17391783,0.0,1.9728268,2.937406,2.0650542,0.0,0.0,0.48856163,0.0,0.0,6.9977984,0.38947022,0.0,1.490966,4.029618,0.0,0.0,0.0,0.0,0.5197543044781201,1.5841195071346592,-0.8111693479996726,0.06652931967361164,-0.3201001585286397,0.8819171036881969,-2.6457513110645907,-1.4002800840280099,-0.417292839169229,4.9171222928371545,-0.4310003242277661,-1.5323834281407773,-0.5593233725063744,-2.6457513110645907,-2.6457513110645907,-1.2087639159643424,-1.5102338777905298,3.945815941549518,-0.6660164815546903,-1.147078669352809,-0.23856803547577807,-0.6473922298656833,-0.6868302583818782,1.5720092331255828,1.5308476697658038,-0.8946729748109934,-0.5469970063404846,-2.0550085919305867,-0.924908263988514,-2.300412409467496,0.0,2.6457513110645907,-1.2089410496539779,0.0,0.0,-0.9918365981341756,-0.7745966692414834,-0.25819888974716115,-0.25819888974716115,-0.25819888974716115,0.0,0.0,0.0,-0.5055918977129581,-0.6688290081236862,2.2415229131224406,2.4395399607550345,-0.7354684649882817,-0.7450453319450444,-0.5878252479985788,3.6299458726505844,-0.7465948038394599,-0.6156489229643478,-0.6457237080621792,-0.6858722071295129,-0.7483763547382359,-0.6949178406870647,-0.4515111598439443,3.1153261313883114,2.1089713121330225,-0.8066637987999893,3.5344231647805935,2.123072222488551,-0.5002988162639436,0.0,4.180048,0.0,1.8622036,1.1961523,2.148225,4.7326565,2.0765321,5.2882943,0.0,2.4863408,0.0,0.0,0.6525953,5.2030582,0.0,0.0,5.147799,0.0,3.7197766,0.0,0.0,0.0,0.0,0.0,1.7094107,3.8708448,0.20822363,0.0,4.3923273,0.0,0.5261371
175.45.176.0,149.171.126.14,udp,INT,-,Reconnaissance,0.0,0.0,4.451792,0.0,0.0,3.0686429,0.0,1.0119473,0.0,6.0011506,0.0,0.0,0.0,0.7426846,0.0,1.2664026,2.8734093,1.6890395,0.45150575,0.0,0.0,0.0,0.0,5.1835117,0.0,0.0,1.829728,3.70765,0.0,0.0,0.0,0.0,-0.31509142650073224,0.3850392565421606,-0.8111813615905523,-0.8091634112966516,-0.3201001585286397,0.8819171036881969,-2.6457513110645907,-1.4002800840280099,-0.417292839169229,0.704755227467013,-0.4310003242277661,-1.5323834281407773,-0.5593233725063744,-2.6457513110645907,-2.6457513110645907,-1.2087639159643424,-1.5102338777905298,-0.34559965790705605,-0.6660164815546903,-1.147078669352809,-0.23856803547577807,-0.6473922298656833,-0.6868302583818782,1.6900944337359551,1.6497484596505263,-0.8948336784758371,-0.5469970063404846,-2.0550085919305867,-0.924908263988514,-2.300412409467496,0.0,2.6457513110645907,-1.2089410496539779,0.0,0.0,-0.9918365981341756,-0.7745966692414834,-0.25819888974716115,-0.25819888974716115,-0.25819888974716115,0.0,0.0,0.0,-0.5055918977129581,-0.39761587009012583,2.1356573623104342,2.4875214960250975,0.12498064745102244,-0.7450453319450444,-0.5878252479985788,1.87944407293494,-0.7465948038394599,0.3722705096585365,-0.6457237080621792,0.2925524068776831,1.8135179058910926,-0.6949178406870647,-0.4515111598439443,2.193395958927464,2.7578771859377036,-0.8066637987999893,2.1920443322420935,2.6092308486607676,-0.5002988162639436,0.0,3.7549913,0.0,0.28427845,0.8521888,0.0,3.166758,0.0,2.7246428,0.0,1.593526,0.0,0.0,0.11221147,3.6199288,0.0,0.7433214,2.2780573,0.0,3.247878,0.0,0.0,0.0,0.0,0.0,2.2809935,3.6374178,3.1519194,0.0,2.9521296,0.0,0.0
175.45.176.1,149.171.126.12,tcp,FIN,http,Exploits,0.16536519,0.5021503,0.0,0.36261123,0.0,0.0,0.0,1.265843,1.0515563,0.0,0.0,0.0,1.7265301,0.0,2.6158347,1.9372246,0.7819002,0.17440322,0.5874043,0.0,1.6351273,0.9250254,0.7192346,0.0,0.0,0.27390298,2.3252852,0.38542044,0.0,0.0,1.7717103,0.31024688,-0.3203208097418606,-1.0459427376431878,-0.48874859596866943,-0.3253790664819324,-0.16627856417296707,-1.1338934190276817,0.3779644730092272,-0.280056016805602,-0.18837791025353773,-0.2933230683929418,0.22254719618685556,-0.20707884164064552,-0.1801210860613747,0.3779644730092272,0.3779644730092272,-1.1258539585714775,-1.311235947301498,-0.34559965790705605,0.8306332176646967,0.6882472016116853,-0.06506970785990794,-0.3855294628764984,2.090605817211797,1.8081796343463277,1.768649249535249,-0.4158423782751993,-0.37537352081407327,0.08284764316139487,-0.24024485273294977,0.3295681124682679,0.0,-0.37796447300922725,0.8271701918685112,0.0,0.0,-0.9918365981341756,-0.7745966692414834,-0.25819888974716115,-0.25819888974716115,-0.25819888974716115,0.0,0.0,0.0,-0.3118223255671478,2.576555842091933,-0.299464000380368,-0.6723311352643613,-0.8337797513074475,-0.7450453319450444,-0.5878252479985788,-0.5627054052059423,-0.7465948038394599,1.2429903578764383,-0.6457237080621792,2.473775765986509,1.5175231121290633,-0.6949178406870647,0.3214676170589535,0.32270619680973595,0.5918186525095397,-0.133478515937651,-0.5246690616612412,-0.6937498432825215,-0.392326620303149,0.0,0.0,2.0309682,0.0,0.0,0.0,1.1052402,0.0,0.4163001,1.0153537,0.0,0.43895024,0.0,0.10502771,1.0723073,1.7739549,0.024597354,0.20253792,0.0,0.0,0.56698763,0.0,0.0,0.36049658,0.019542594,0.0,0.0,0.99282527,0.60073775,0.0,0.0,0.0
